{"backend_update": "2021-03-28 18:10:08+02:00", "backend_cnot_fidelity": 0.990768529008307, "backend_cnot_gate_length": 3.2e-07, "control_gate_errors": {"u2": 0.00047186425283327456, "u3": 0.0009437285056665491}, "target_gate_errors": {"u2": 0.00047186425283327456, "u3": 0.0009437285056665491}, "control_qubit_freq": 4878981681.661975, "target_qubit_freq": 4759849870.67469, "control_qubit_anharmonicity": -338641636.6540692, "target_qubit_anharmonicity": -326437852.40416336, "delta": 119131810.98728466, "control_qubit_t1": 9.141200736209546e-05, "target_qubit_t1": 0.00010469353154604859, "control_qubit_t2": 0.00013815323975841797, "target_qubit_t2": 8.19012213773846e-05, "cr_per_pulse_duration": 2.1333333333333334e-07, "cr_amplitudes": "[0.   0.07 0.14 0.21 0.28 0.35]", "avg_amplitudes": [0.0, 0.06570341228816094, 0.13140682457632188, 0.19711023686448287, 0.26281364915264377, 0.3285170614408048], "cr_params": {"duration": 960, "amp": "var", "phi": 0.02219495401630197, "sigma": 32, "risefall": 64}}